Sort Number,Category Name (EN),Category Name (UR),Status,Created Date,Parameters (JSON)
1,Plumber,پلمبر,Active,"=""2026-06-24""","{""en"":[{""name"":""Service Type"",""values"":[""Residential"",""Commercial"",""Industrial"",""New Construction"",""Renovation"",""Maintenance"",""Emergency""],""isOptional"":false,""allowCustomValue"":false,""allowMultiple"":false},{""name"":""Work Specialization"",""values"":[""Water Supply"",""Drainage & Sewerage"",""Bathroom Plumbing"",""Kitchen Plumbing"",""Gas & Geyser"",""Water Tank & Pump"",""Pipe Installation"",""Leakage & Repair"",""Sanitary Fittings"",""New Construction"",""Renovation"",""Maintenance""],""isOptional"":false,""allowCustomValue"":false,""allowMultiple"":false},{""name"":""Experience"",""values"":[""Less than 1 Year"",""1–3 Years"",""3–5 Years"",""5–10 Years"",""10+ Years""],""isOptional"":false,""allowCustomValue"":false,""allowMultiple"":false},{""name"":""Service Area"",""values"":[""Within 5 km"",""Within 10 km"",""Within 20 km"",""Within 30 km"",""All Nearby Areas""],""isOptional"":false,""allowCustomValue"":false,""allowMultiple"":false},{""name"":""Availability"",""values"":[""Same Day"",""By Appointment"",""Available Now""],""isOptional"":false,""allowCustomValue"":false,""allowMultiple"":false},{""name"":""Emergency Service"",""values"":[""Yes"",""No""],""isOptional"":false,""allowCustomValue"":false,""allowMultiple"":false}],""ur"":[{""name"":""Service Type"",""values"":[""Residential"",""Commercial"",""Industrial"",""New Construction"",""Renovation"",""Maintenance"",""Emergency""],""isOptional"":false,""allowCustomValue"":false,""allowMultiple"":false},{""name"":""Work Specialization"",""values"":[""Water Supply"",""Drainage & Sewerage"",""Bathroom Plumbing"",""Kitchen Plumbing"",""Gas & Geyser"",""Water Tank & Pump"",""Pipe Installation"",""Leakage & Repair"",""Sanitary Fittings"",""New Construction"",""Renovation"",""Maintenance""],""isOptional"":false,""allowCustomValue"":false,""allowMultiple"":false},{""name"":""Experience"",""values"":[""Less than 1 Year"",""1–3 Years"",""3–5 Years"",""5–10 Years"",""10+ Years""],""isOptional"":false,""allowCustomValue"":false,""allowMultiple"":false},{""name"":""Service Area"",""values"":[""Within 5 km"",""Within 10 km"",""Within 20 km"",""Within 30 km"",""All Nearby Areas""],""isOptional"":false,""allowCustomValue"":false,""allowMultiple"":false},{""name"":""Availability"",""values"":[""Same Day"",""By Appointment"",""Available Now""],""isOptional"":false,""allowCustomValue"":false,""allowMultiple"":false},{""name"":""Emergency Service"",""values"":[""Yes"",""No""],""isOptional"":false,""allowCustomValue"":false,""allowMultiple"":false}]}"
2,Electrician,الیکٹریشن,Active,"=""2026-07-28""","{""en"":[{""name"":""Work Type"",""values"":[""Residential"",""Commercial"",""Industrial"",""Construction"",""Renovation"",""Maintenance""],""isOptional"":false,""allowCustomValue"":false,""allowMultiple"":false},{""name"":""Work Specialization"",""values"":[""Wiring & Rewiring"",""Electrical Installation"",""Switches & Sockets"",""Lights & Fixtures"",""Fans & Exhaust"",""DB & Breaker Work"",""Generator & UPS"",""Solar System"",""Water Pump"",""AC Electrical Work"",""Fault Finding & Repair""],""isOptional"":false,""allowCustomValue"":false,""allowMultiple"":false},{""name"":""Service Type"",""values"":[""Installation"",""Repair"",""Maintenance"",""Inspection"",""Replacement"",""Wiring"",""Troubleshooting""],""isOptional"":false,""allowCustomValue"":false,""allowMultiple"":false},{""name"":""Experience"",""values"":[""Less than 1 Year"",""1–3 Years"",""3–5 Years"",""5–10 Years"",""10+ Years""],""isOptional"":false,""allowCustomValue"":false,""allowMultiple"":false},{""name"":""Emergency Service"",""values"":[""Yes"",""No""],""isOptional"":false,""allowCustomValue"":false,""allowMultiple"":false},{""name"":""Availability"",""values"":[""Available Now"",""Same Day"",""By Appointment""],""isOptional"":false,""allowCustomValue"":false,""allowMultiple"":false}],""ur"":[{""name"":""Work Type"",""values"":[""Residential"",""Commercial"",""Industrial"",""Construction"",""Renovation"",""Maintenance""],""isOptional"":false,""allowCustomValue"":false,""allowMultiple"":false},{""name"":""Work Specialization"",""values"":[""Wiring & Rewiring"",""Electrical Installation"",""Switches & Sockets"",""Lights & Fixtures"",""Fans & Exhaust"",""DB & Breaker Work"",""Generator & UPS"",""Solar System"",""Water Pump"",""AC Electrical Work"",""Fault Finding & Repair""],""isOptional"":false,""allowCustomValue"":false,""allowMultiple"":false},{""name"":""Service Type"",""values"":[""Installation"",""Repair"",""Maintenance"",""Inspection"",""Replacement"",""Wiring"",""Troubleshooting""],""isOptional"":false,""allowCustomValue"":false,""allowMultiple"":false},{""name"":""Experience"",""values"":[""Less than 1 Year"",""1–3 Years"",""3–5 Years"",""5–10 Years"",""10+ Years""],""isOptional"":false,""allowCustomValue"":false,""allowMultiple"":false},{""name"":""Emergency Service"",""values"":[""Yes"",""No""],""isOptional"":false,""allowCustomValue"":false,""allowMultiple"":false},{""name"":""Availability"",""values"":[""Available Now"",""Same Day"",""By Appointment""],""isOptional"":false,""allowCustomValue"":false,""allowMultiple"":false}]}"
3,Mechanic,مکینک,Active,"=""2026-06-22""","{""en"":[{""name"":""Vehicle Expertise"",""values"":[""Cars"",""Bikes"",""Rikshaws"",""Trucks"",""Vans"",""Buses""],""isOptional"":false,""allowCustomValue"":false,""allowMultiple"":false},{""name"":""Work Specialization"",""values"":[""Engine"",""Transmission"",""Brakes"",""Suspension"",""Steering"",""Electrical"",""AC & Cooling"",""Fuel System"",""Clutch"",""Tuning & Maintenance"",""Diagnostics"",""Body & Mechanical Work""],""isOptional"":false,""allowCustomValue"":false,""allowMultiple"":false},{""name"":""Service Type"",""values"":[""Repair"",""Maintenance"",""Inspection"",""Tuning"",""Replacement"",""Installation"",""Diagnostics"",""Overhauling""],""isOptional"":false,""allowCustomValue"":false,""allowMultiple"":false},{""name"":""Experience"",""values"":[""Less than 1 Year"",""1–3 Years"",""3–5 Years"",""5–10 Years"",""10+ Years""],""isOptional"":false,""allowCustomValue"":false,""allowMultiple"":false},{""name"":""Emergency Service"",""values"":[""Yes"",""No""],""isOptional"":false,""allowCustomValue"":false,""allowMultiple"":false},{""name"":""Availability"",""values"":[""Available Now"",""Same Day"",""By Appointment""],""isOptional"":false,""allowCustomValue"":false,""allowMultiple"":false}],""ur"":[{""name"":""Vehicle Expertise"",""values"":[""Cars"",""Bikes"",""Rikshaws"",""Trucks"",""Vans"",""Buses""],""isOptional"":false,""allowCustomValue"":false,""allowMultiple"":false},{""name"":""Work Specialization"",""values"":[""Engine"",""Transmission"",""Brakes"",""Suspension"",""Steering"",""Electrical"",""AC & Cooling"",""Fuel System"",""Clutch"",""Tuning & Maintenance"",""Diagnostics"",""Body & Mechanical Work""],""isOptional"":false,""allowCustomValue"":false,""allowMultiple"":false},{""name"":""Service Type"",""values"":[""Repair"",""Maintenance"",""Inspection"",""Tuning"",""Replacement"",""Installation"",""Diagnostics"",""Overhauling""],""isOptional"":false,""allowCustomValue"":false,""allowMultiple"":false},{""name"":""Experience"",""values"":[""Less than 1 Year"",""1–3 Years"",""3–5 Years"",""5–10 Years"",""10+ Years""],""isOptional"":false,""allowCustomValue"":false,""allowMultiple"":false},{""name"":""Emergency Service"",""values"":[""Yes"",""No""],""isOptional"":false,""allowCustomValue"":false,""allowMultiple"":false},{""name"":""Availability"",""values"":[""Available Now"",""Same Day"",""By Appointment""],""isOptional"":false,""allowCustomValue"":false,""allowMultiple"":false}]}"
4,Painter,رنگ و روغن کرنے والا,Active,"=""2026-06-24""","{""en"":[{""name"":""Work Type"",""values"":[""Residential"",""Commercial"",""Industrial"",""New Construction"",""Renovation"",""Maintenance""],""isOptional"":false,""allowCustomValue"":false,""allowMultiple"":false},{""name"":""Painting Type"",""values"":[""Interior Painting"",""Exterior Painting"",""Wall Painting"",""Ceiling Painting"",""Wood Painting"",""Metal Painting"",""Texture Painting"",""Spray Painting"",""Waterproofing"",""Wallpaper Installation"",""Polish & Finishing"",""Complete Painting""],""isOptional"":false,""allowCustomValue"":false,""allowMultiple"":false},{""name"":""Surface Expertise"",""values"":[""Walls"",""Ceiling"",""Wood"",""Metal"",""Doors & Windows"",""Furniture""],""isOptional"":false,""allowCustomValue"":false,""allowMultiple"":false},{""name"":""Experience"",""values"":[""Less than 1 Year"",""1–3 Years"",""3–5 Years"",""5–10 Years"",""10+ Years""],""isOptional"":false,""allowCustomValue"":false,""allowMultiple"":false},{""name"":""Availability"",""values"":[""Available Now"",""Same Day"",""By Appointment""],""isOptional"":false,""allowCustomValue"":false,""allowMultiple"":false}],""ur"":[{""name"":""Work Type"",""values"":[""Residential"",""Commercial"",""Industrial"",""New Construction"",""Renovation"",""Maintenance""],""isOptional"":false,""allowCustomValue"":false,""allowMultiple"":false},{""name"":""Painting Type"",""values"":[""Interior Painting"",""Exterior Painting"",""Wall Painting"",""Ceiling Painting"",""Wood Painting"",""Metal Painting"",""Texture Painting"",""Spray Painting"",""Waterproofing"",""Wallpaper Installation"",""Polish & Finishing"",""Complete Painting""],""isOptional"":false,""allowCustomValue"":false,""allowMultiple"":false},{""name"":""Expertise Surface"",""values"":[""Walls"",""Ceiling"",""Wood"",""Metal"",""Doors & Windows"",""Furniture""],""isOptional"":false,""allowCustomValue"":false,""allowMultiple"":false},{""name"":""Experience"",""values"":[""Less than 1 Year"",""1–3 Years"",""3–5 Years"",""5–10 Years"",""10+ Years""],""isOptional"":false,""allowCustomValue"":false,""allowMultiple"":false},{""name"":""Availability"",""values"":[""Available Now"",""Same Day"",""By Appointment""],""isOptional"":false,""allowCustomValue"":false,""allowMultiple"":false}]}"
5,Carpenter,بڑھئی,Active,"=""2026-06-30""","{""en"":[{""name"":""Work Type"",""values"":[""Residential"",""Commercial"",""New Construction"",""Renovation"",""Maintenance"",""Custom Work""],""isOptional"":false,""allowCustomValue"":false,""allowMultiple"":false},{""name"":""Work Specialization"",""values"":[""Doors & Windows"",""Wardrobes"",""Kitchen Cabinets"",""TV Units"",""Furniture"",""Wooden Flooring"",""Wall Panels"",""Wooden Ceiling"",""Bed & Sofa"",""Tables & Chairs"",""Wood Repair"",""Wood Polishing"",""Custom Woodwork""],""isOptional"":false,""allowCustomValue"":false,""allowMultiple"":false},{""name"":""Material Expertise"",""values"":[""Solid Wood"",""Plywood"",""Laminate"",""Veneer"",""Wood & Glass""],""isOptional"":false,""allowCustomValue"":false,""allowMultiple"":false},{""name"":""Experience"",""values"":[""Less than 1 Year"",""1–3 Years"",""3–5 Years"",""5–10 Years"",""10+ Years""],""isOptional"":false,""allowCustomValue"":false,""allowMultiple"":false},{""name"":""Availability"",""values"":[""Available Now"",""Same Day"",""By Appointment""],""isOptional"":false,""allowCustomValue"":false,""allowMultiple"":false}],""ur"":[{""name"":""Work Type"",""values"":[""Residential"",""Commercial"",""New Construction"",""Renovation"",""Maintenance"",""Custom Work""],""isOptional"":false,""allowCustomValue"":false,""allowMultiple"":false},{""name"":""Work Specialization"",""values"":[""Doors & Windows"",""Wardrobes"",""Kitchen Cabinets"",""TV Units"",""Furniture"",""Wooden Flooring"",""Wall Panels"",""Wooden Ceiling"",""Bed & Sofa"",""Tables & Chairs"",""Wood Repair"",""Wood Polishing"",""Custom Woodwork""],""isOptional"":false,""allowCustomValue"":false,""allowMultiple"":false},{""name"":""Material Expertise"",""values"":[""Solid Wood"",""Plywood"",""Laminate"",""Veneer"",""Wood & Glass""],""isOptional"":false,""allowCustomValue"":false,""allowMultiple"":false},{""name"":""Experience"",""values"":[""Less than 1 Year"",""1–3 Years"",""3–5 Years"",""5–10 Years"",""10+ Years""],""isOptional"":false,""allowCustomValue"":false,""allowMultiple"":false},{""name"":""Availability"",""values"":[""Available Now"",""Same Day"",""By Appointment""],""isOptional"":false,""allowCustomValue"":false,""allowMultiple"":false}]}"
6,Real Estate Agent,ریئل اسٹیٹ ایجنٹ,Active,"=""2025-08-31""","{""en"":[{""name"":""Property Type"",""values"":[""Residential"",""Commercial"",""Industrial"",""Agricultural"",""Plots"",""Buildings""],""isOptional"":false,""allowCustomValue"":false,""allowMultiple"":false},{""name"":""Work Specialization"",""values"":[""Buying & Selling"",""Renting & Leasing"",""Property Investment"",""Property Management"",""Property Valuation"",""Property Marketing"",""Documentation & Transfer""],""isOptional"":false,""allowCustomValue"":false,""allowMultiple"":false},{""name"":""Deal Type"",""values"":[""Sale"",""Rent"",""Lease"",""Investment""],""isOptional"":false,""allowCustomValue"":false,""allowMultiple"":false},{""name"":""Experience"",""values"":[""Experience"",""1–3 Years"",""3–5 Years"",""5–10 Years"",""10+ Years""],""isOptional"":false,""allowCustomValue"":false,""allowMultiple"":false},{""name"":""Service Area"",""values"":[""Local Area"",""City"",""Multiple Cities"",""Nationwide""],""isOptional"":false,""allowCustomValue"":false,""allowMultiple"":false}],""ur"":[{""name"":""Property Type"",""values"":[""Residential"",""Commercial"",""Industrial"",""Agricultural"",""Plots"",""Buildings""],""isOptional"":false,""allowCustomValue"":false,""allowMultiple"":false},{""name"":""Work Specialization"",""values"":[""Buying & Selling"",""Renting & Leasing"",""Property Investment"",""Property Management"",""Property Valuation"",""Property Marketing"",""Documentation & Transfer""],""isOptional"":false,""allowCustomValue"":false,""allowMultiple"":false},{""name"":""Deal Type"",""values"":[""Sale"",""Rent"",""Lease"",""Investment""],""isOptional"":false,""allowCustomValue"":false,""allowMultiple"":false},{""name"":""Experience"",""values"":[""Experience"",""1–3 Years"",""3–5 Years"",""5–10 Years"",""10+ Years""],""isOptional"":false,""allowCustomValue"":false,""allowMultiple"":false},{""name"":""Service Area"",""values"":[""Local Area"",""City"",""Multiple Cities"",""Nationwide""],""isOptional"":false,""allowCustomValue"":false,""allowMultiple"":false}]}"
7,Beauty & Grooming,بیوٹی اور گرومنگ,Active,"=""2025-08-31""","{""en"":[{""name"":""For"",""values"":[""Women"",""Men"",""Kids""],""isOptional"":false,""allowCustomValue"":false,""allowMultiple"":false},{""name"":""Service Setting"",""values"":[""Salon"",""Barber Shop"",""Home Service"",""At Client Location""],""isOptional"":false,""allowCustomValue"":false,""allowMultiple"":false},{""name"":""Service Type"",""values"":[""Hair & Styling"",""Makeup"",""Facial & Skin Care"",""Manicure & Pedicure"",""Waxing & Threading"",""Hair Removal"",""Hair Treatment"",""Nails"",""Bridal Services"",""Massage & Spa"",""Beard & Shaving"",""Complete Beauty Services""],""isOptional"":false,""allowCustomValue"":false,""allowMultiple"":false},{""name"":""Work Specialization"",""values"":[""Hair"",""Bridal Makeup"",""Party Makeup"",""Facial"",""Manicure & Pedicure"",""Waxing"",""Threading"",""Beard Styling"",""Hair Removal""],""isOptional"":false,""allowCustomValue"":false,""allowMultiple"":false},{""name"":""Experience"",""values"":[""Less than 1 Year"",""1–3 Years"",""3–5 Years"",""5–10 Years"",""10+ Years""],""isOptional"":false,""allowCustomValue"":false,""allowMultiple"":false},{""name"":""Availability"",""values"":[""Available Now"",""Same Day"",""By Appointment""],""isOptional"":false,""allowCustomValue"":false,""allowMultiple"":false}],""ur"":[{""name"":""For"",""values"":[""Women"",""Men"",""Kids""],""isOptional"":false,""allowCustomValue"":false,""allowMultiple"":false},{""name"":""Service Setting"",""values"":[""Salon"",""Barber Shop"",""Home Service"",""At Client Location""],""isOptional"":false,""allowCustomValue"":false,""allowMultiple"":false},{""name"":""Service Type"",""values"":[""Hair & Styling"",""Makeup"",""Facial & Skin Care"",""Manicure & Pedicure"",""Waxing & Threading"",""Hair Removal"",""Hair Treatment"",""Nails"",""Bridal Services"",""Massage & Spa"",""Beard & Shaving"",""Complete Beauty Services""],""isOptional"":false,""allowCustomValue"":false,""allowMultiple"":false},{""name"":""Work Specialization"",""values"":[""Hair"",""Bridal Makeup"",""Party Makeup"",""Facial"",""Manicure & Pedicure"",""Waxing"",""Threading"",""Beard Styling"",""Hair Removal""],""isOptional"":false,""allowCustomValue"":false,""allowMultiple"":false},{""name"":""Experience"",""values"":[""Less than 1 Year"",""1–3 Years"",""3–5 Years"",""5–10 Years"",""10+ Years""],""isOptional"":false,""allowCustomValue"":false,""allowMultiple"":false},{""name"":""Availability"",""values"":[""Available Now"",""Same Day"",""By Appointment""],""isOptional"":false,""allowCustomValue"":false,""allowMultiple"":false}]}"
8,Digital Services,ڈیجیٹل سروسز,Active,"=""2025-08-31""","{""en"":[{""name"":""Work Type"",""values"":[""Freelancer"",""Agency"",""Individual Professional"",""Remote Service"",""On-Site Service""],""isOptional"":false,""allowCustomValue"":false,""allowMultiple"":false},{""name"":""Service Type"",""values"":[""Web Development"",""App Development"",""Graphic Design"",""UI/UX Design"",""Digital Marketing"",""SEO"",""Social Media Management"",""Content Writing"",""Video Editing"",""Photography & Editing"",""E-commerce Services"",""Amazon & Marketplace Services"",""Data Entry"",""Virtual Assistant"",""Software & IT Support"",""AI Services"",""Accounting & Bookkeeping""],""isOptional"":false,""allowCustomValue"":false,""allowMultiple"":false},{""name"":""Specialization"",""values"":[""Website"",""Mobile App"",""E-commerce"",""WordPress"",""Shopify"",""Amazon"",""Daraz"",""SEO"",""Google Ads"",""Social Media"",""Logo & Branding"",""UI/UX"",""Video Editing"",""Content Writing"",""Copywriting"",""Graphic Design"",""Data Entry"",""Virtual Assistant"",""AI & Automation"",""Software Development"",""Bookkeeping""],""isOptional"":false,""allowCustomValue"":false,""allowMultiple"":false},{""name"":""Experience"",""values"":[""Less than 1 Year"",""1–3 Years"",""3–5 Years"",""5–10 Years"",""10+ Years""],""isOptional"":false,""allowCustomValue"":false,""allowMultiple"":false},{""name"":""Delivery Time"",""values"":[""Same Day"",""1–3 Days"",""3–7 Days"",""1–2 Weeks"",""2–4 Weeks"",""1+ Month""],""isOptional"":false,""allowCustomValue"":false,""allowMultiple"":false},{""name"":""Price Type"",""values"":[""Per Project"",""Monthly""],""isOptional"":false,""allowCustomValue"":false,""allowMultiple"":false}],""ur"":[{""name"":""Work Type"",""values"":[""Freelancer"",""Agency"",""Individual Professional"",""Remote Service"",""On-Site Service""],""isOptional"":false,""allowCustomValue"":false,""allowMultiple"":false},{""name"":""Service Type"",""values"":[""Web Development"",""App Development"",""Graphic Design"",""UI/UX Design"",""Digital Marketing"",""SEO"",""Social Media Management"",""Content Writing"",""Video Editing"",""Photography & Editing"",""E-commerce Services"",""Amazon & Marketplace Services"",""Data Entry"",""Virtual Assistant"",""Software & IT Support"",""AI Services"",""Accounting & Bookkeeping""],""isOptional"":false,""allowCustomValue"":false,""allowMultiple"":false},{""name"":""Specialization"",""values"":[""Website"",""Mobile App"",""E-commerce"",""WordPress"",""Shopify"",""Amazon"",""Daraz"",""SEO"",""Google Ads"",""Social Media"",""Logo & Branding"",""UI/UX"",""Video Editing"",""Content Writing"",""Copywriting"",""Graphic Design"",""Data Entry"",""Virtual Assistant"",""AI & Automation"",""Software Development"",""Bookkeeping""],""isOptional"":false,""allowCustomValue"":false,""allowMultiple"":false},{""name"":""Experience"",""values"":[""Less than 1 Year"",""1–3 Years"",""3–5 Years"",""5–10 Years"",""10+ Years""],""isOptional"":false,""allowCustomValue"":false,""allowMultiple"":false},{""name"":""Delivery Time"",""values"":[""Same Day"",""1–3 Days"",""3–7 Days"",""1–2 Weeks"",""2–4 Weeks"",""1+ Month""],""isOptional"":false,""allowCustomValue"":false,""allowMultiple"":false},{""name"":""Price Type"",""values"":[""Per Project"",""Monthly""],""isOptional"":false,""allowCustomValue"":false,""allowMultiple"":false}]}"
9,Tech Device Repairing,ڈیوائس ریپئر سروسز,Active,"=""2025-08-31""","{""en"":[{""name"":""Service Type"",""values"":[""Mobile Repair"",""Laptop Repair"",""Computer Repair"",""Tablet Repair"",""TV Repair"",""LED/LCD Repair"",""Refrigerator Repair"",""Washing Machine Repair"",""Air Conditioner Repair"",""Microwave Repair"",""Water Dispenser Repair"",""Printer Repair"",""CCTV Installation & Repair"",""Game Console Repair"",""Smartwatch Repair""],""isOptional"":false,""allowCustomValue"":false,""allowMultiple"":false},{""name"":""Work Specialization"",""values"":[""Screen Replacement"",""Battery Replacement"",""Charging Issue"",""Software Issue"",""Hardware Repair"",""Water Damage"",""Camera Repair"",""Speaker Repair"",""Motherboard Repair"",""General Service"",""Installation"",""Maintenance"",""Charging & Power"",""Virus & Malware Removal"",""Water Damage"",""Hardware Repair""],""isOptional"":false,""allowCustomValue"":false,""allowMultiple"":false},{""name"":""Experience"",""values"":[""1–2 Years"",""3–5 Years"",""6–10 Years"",""10+ Years""],""isOptional"":false,""allowCustomValue"":false,""allowMultiple"":false},{""name"":""Service Location"",""values"":[""At Customer Location"",""At Service Shop"",""Pickup & Delivery""],""isOptional"":false,""allowCustomValue"":false,""allowMultiple"":false}],""ur"":[{""name"":""Service Type"",""values"":[""Mobile Repair"",""Laptop Repair"",""Computer Repair"",""Tablet Repair"",""TV Repair"",""LED/LCD Repair"",""Refrigerator Repair"",""Washing Machine Repair"",""Air Conditioner Repair"",""Microwave Repair"",""Water Dispenser Repair"",""Printer Repair"",""Game Console Repair"",""Smartwatch Repair"",""CCTV Installation & Repair""],""isOptional"":false,""allowCustomValue"":false,""allowMultiple"":false},{""name"":""Work Specialization"",""values"":[""Screen Replacement"",""Battery Replacement"",""Charging Issue"",""Software Issue"",""Hardware Repair"",""Water Damage"",""Camera Repair"",""Speaker Repair"",""Motherboard Repair"",""General Service"",""Installation"",""Maintenance"",""Charging & Power"",""Virus & Malware Removal"",""Water Damage"",""Hardware Repair""],""isOptional"":false,""allowCustomValue"":false,""allowMultiple"":false},{""name"":""Experience"",""values"":[""1–2 Years"",""3–5 Years"",""6–10 Years"",""10+ Years""],""isOptional"":false,""allowCustomValue"":false,""allowMultiple"":false},{""name"":""Service Location"",""values"":[""At Customer Location"",""At Service Shop"",""Pickup & Delivery""],""isOptional"":false,""allowCustomValue"":false,""allowMultiple"":false}]}"
10,IT,انفارمیشن ٹیکنالوجی,Active,"=""2026-08-05""","{""en"":[{""name"":""Service Type"",""values"":[""IT Support"",""Computer & Laptop Services"",""Networking"",""Software Services"",""Hardware Services"",""Data Services"",""Cybersecurity"",""Cloud Services"",""IT Consulting""],""isOptional"":false,""allowCustomValue"":false,""allowMultiple"":false},{""name"":""Specialization"",""values"":[""Windows Installation"",""Software Installation"",""Computer Setup"",""Networking"",""Computer Repair"",""WiFi Setup"",""Router Configuration"",""CCTV & Security Systems"",""Data Recovery"",""Backup & Storage"",""Server Setup"",""Cloud Setup"",""Website & Hosting"",""Email Setup"",""Microsoft Office"",""Printer Setup"",""Virus & Malware Removal""],""isOptional"":false,""allowCustomValue"":false,""allowMultiple"":false},{""name"":""Experience"",""values"":[""Less than 1 Year"",""1–3 Years"",""3–5 Years"",""5–10 Years"",""10+ Years""],""isOptional"":false,""allowCustomValue"":false,""allowMultiple"":false},{""name"":""Service Area"",""values"":[""Local Area"",""City"",""Nationwide"",""Remote / Online""],""isOptional"":false,""allowCustomValue"":false,""allowMultiple"":false}],""ur"":[{""name"":""Service Type"",""values"":[""IT Support"",""Computer & Laptop Services"",""Networking"",""Software Services"",""Hardware Services"",""Data Services"",""Cybersecurity"",""Cloud Services"",""IT Consulting""],""isOptional"":false,""allowCustomValue"":false,""allowMultiple"":false},{""name"":""Specialization"",""values"":[""Windows Installation"",""Software Installation"",""Computer Setup"",""Networking"",""Computer Repair"",""WiFi Setup"",""Router Configuration"",""CCTV & Security Systems"",""Data Recovery"",""Backup & Storage"",""Server Setup"",""Cloud Setup"",""Website & Hosting"",""Email Setup"",""Microsoft Office"",""Printer Setup"",""Virus & Malware Removal""],""isOptional"":false,""allowCustomValue"":false,""allowMultiple"":false},{""name"":""Experience"",""values"":[""Less than 1 Year"",""1–3 Years"",""3–5 Years"",""5–10 Years"",""10+ Years""],""isOptional"":false,""allowCustomValue"":false,""allowMultiple"":false},{""name"":""Service Area"",""values"":[""Local Area"",""City"",""Nationwide"",""Remote / Online""],""isOptional"":false,""allowCustomValue"":false,""allowMultiple"":false}]}"
11,Health Workers,ہیلتھ ورکر,Active,"=""2025-08-31""","{""en"":[{""name"":""Health Workers"",""values"":[""Doctor"",""Nurse"",""Physiotherapist"",""Pharmacist"",""Dentist"",""Psychologist"",""Nutritionist"",""Paramedic"",""Caregiver"",""Medical Technician""],""isOptional"":false,""allowCustomValue"":false,""allowMultiple"":false},{""name"":""Specialization"",""values"":[""General Medicine"",""Pediatrics"",""Cardiology"",""Dermatology"",""Orthopedics"",""Gynecology"",""ENT"",""Dental Care"",""Physiotherapy"",""Mental Health"",""Nutrition"",""Rehabilitation"",""Home Care""],""isOptional"":false,""allowCustomValue"":false,""allowMultiple"":false},{""name"":""Service Type"",""values"":[""Consultation"",""Home Visit"",""Patient Care"",""Physiotherapy"",""Nursing Care"",""Elderly Care"",""Child Care"",""Medical Assistance"",""Health Assessment""],""isOptional"":false,""allowCustomValue"":false,""allowMultiple"":false},{""name"":""Service Setting"",""values"":[""Clinic"",""Hospital"",""Home Visit"",""Online""],""isOptional"":false,""allowCustomValue"":false,""allowMultiple"":false},{""name"":""Experience"",""values"":[""Less than 1 Year"",""1–3 Years"",""3–5 Years"",""5–10 Years"",""10+ Years""],""isOptional"":false,""allowCustomValue"":false,""allowMultiple"":false},{""name"":""Availability"",""values"":[""Available Now"",""Same Day"",""By Appointment"",""24/7""],""isOptional"":false,""allowCustomValue"":false,""allowMultiple"":false}],""ur"":[{""name"":""Health Workers"",""values"":[""Doctor"",""Nurse"",""Physiotherapist"",""Pharmacist"",""Dentist"",""Psychologist"",""Nutritionist"",""Paramedic"",""Caregiver"",""Medical Technician""],""isOptional"":false,""allowCustomValue"":false,""allowMultiple"":false},{""name"":""Specialization"",""values"":[""General Medicine"",""Pediatrics"",""Cardiology"",""Dermatology"",""Orthopedics"",""Gynecology"",""ENT"",""Dental Care"",""Physiotherapy"",""Mental Health"",""Nutrition"",""Rehabilitation"",""Home Care""],""isOptional"":false,""allowCustomValue"":false,""allowMultiple"":false},{""name"":""Service Type"",""values"":[""Consultation"",""Home Visit"",""Patient Care"",""Physiotherapy"",""Nursing Care"",""Elderly Care"",""Child Care"",""Medical Assistance"",""Health Assessment""],""isOptional"":false,""allowCustomValue"":false,""allowMultiple"":false},{""name"":""Service Setting"",""values"":[""Clinic"",""Hospital"",""Home Visit"",""Online""],""isOptional"":false,""allowCustomValue"":false,""allowMultiple"":false},{""name"":""Experience"",""values"":[""Less than 1 Year"",""1–3 Years"",""3–5 Years"",""5–10 Years"",""10+ Years""],""isOptional"":false,""allowCustomValue"":false,""allowMultiple"":false},{""name"":""Availability"",""values"":[""Available Now"",""Same Day"",""By Appointment"",""24/7""],""isOptional"":false,""allowCustomValue"":false,""allowMultiple"":false}]}"
12,Sales Man,سیلز مین,Active,"=""2025-08-31""","{""en"":[{""name"":""Sales Expertise"",""values"":[],""isOptional"":false,""allowCustomValue"":false,""allowMultiple"":false},{""name"":""Industry"",""values"":[],""isOptional"":false,""allowCustomValue"":false,""allowMultiple"":false},{""name"":""Experience"",""values"":[],""isOptional"":false,""allowCustomValue"":false,""allowMultiple"":false},{""name"":""Products Handled"",""values"":[],""isOptional"":false,""allowCustomValue"":false,""allowMultiple"":false},{""name"":""Service Area"",""values"":[],""isOptional"":false,""allowCustomValue"":false,""allowMultiple"":false},{""name"":""Availability"",""values"":[],""isOptional"":false,""allowCustomValue"":false,""allowMultiple"":false}],""ur"":[{""name"":""Sales Expertise"",""values"":[],""isOptional"":false,""allowCustomValue"":false,""allowMultiple"":false},{""name"":""Industry"",""values"":[],""isOptional"":false,""allowCustomValue"":false,""allowMultiple"":false},{""name"":""Experience"",""values"":[],""isOptional"":false,""allowCustomValue"":false,""allowMultiple"":false},{""name"":""Products Handled"",""values"":[],""isOptional"":false,""allowCustomValue"":false,""allowMultiple"":false},{""name"":""Service Area"",""values"":[],""isOptional"":false,""allowCustomValue"":false,""allowMultiple"":false},{""name"":""Availability"",""values"":[],""isOptional"":false,""allowCustomValue"":false,""allowMultiple"":false}]}"
14,Taxi Service,ڈرائیور اور ٹیکسی سروسز,Active,"=""2026-07-11""","{""en"":[{""name"":""Service Type"",""values"":[""Local Taxi"",""Ride Booking"",""Airport Transfer"",""Intercity Travel"",""Outstation"",""Corporate Transport"",""School & Office Transport"",""Wedding & Event Transport"",""Tour & Travel""],""isOptional"":false,""allowCustomValue"":false,""allowMultiple"":false},{""name"":""Vehicle Type"",""values"":[""Car"",""Rickshaw"",""Van"",""Coaster"",""Bus""],""isOptional"":false,""allowCustomValue"":false,""allowMultiple"":false},{""name"":""Trip Type"",""values"":[""One Way"",""Round Trip"",""Hourly"",""Daily"",""Monthly""],""isOptional"":false,""allowCustomValue"":false,""allowMultiple"":false},{""name"":""Service Area"",""values"":[""Local Area"",""Within City"",""Intercity"",""Nationwide""],""isOptional"":false,""allowCustomValue"":false,""allowMultiple"":false},{""name"":""Seating Capacity"",""values"":[""2–3 Seats"",""4–5 Seats"",""6–7 Seats"",""8–12 Seats"",""13–20 Seats"",""20+ Seats""],""isOptional"":false,""allowCustomValue"":false,""allowMultiple"":false},{""name"":""Availability"",""values"":[""Available Now"",""Same Day"",""By Appointment"",""24/7""],""isOptional"":false,""allowCustomValue"":false,""allowMultiple"":false}],""ur"":[{""name"":""Service Type"",""values"":[""Local Taxi"",""Ride Booking"",""Airport Transfer"",""Intercity Travel"",""Outstation"",""Corporate Transport"",""School & Office Transport"",""Wedding & Event Transport"",""Tour & Travel""],""isOptional"":false,""allowCustomValue"":false,""allowMultiple"":false},{""name"":""Vehicle Type"",""values"":[""Car"",""Rickshaw"",""Van"",""Coaster"",""Bus""],""isOptional"":false,""allowCustomValue"":false,""allowMultiple"":false},{""name"":""Trip Type"",""values"":[""One Way"",""Round Trip"",""Hourly"",""Daily"",""Monthly""],""isOptional"":false,""allowCustomValue"":false,""allowMultiple"":false},{""name"":""Service Area"",""values"":[""Local Area"",""Within City"",""Intercity"",""Nationwide""],""isOptional"":false,""allowCustomValue"":false,""allowMultiple"":false},{""name"":""Seating Capacity"",""values"":[""2–3 Seats"",""4–5 Seats"",""6–7 Seats"",""8–12 Seats"",""13–20 Seats"",""20+ Seats""],""isOptional"":false,""allowCustomValue"":false,""allowMultiple"":false},{""name"":""Availability"",""values"":[""Available Now"",""Same Day"",""By Appointment"",""24/7""],""isOptional"":false,""allowCustomValue"":false,""allowMultiple"":false}]}"
15,Driver,ڈرائیور,Active,"=""2026-06-29""","{""en"":[{""name"":""Vehicle Type"",""values"":[""Car"",""Bike"",""Rickshaw"",""Van"",""Coaster"",""Bus"",""Truck""],""isOptional"":false,""allowCustomValue"":false,""allowMultiple"":false},{""name"":""Service Type"",""values"":[""Personal Driver"",""Company Driver"",""School Driver"",""Taxi Driver"",""Delivery Driver"",""Tour Driver"",""Event Driver""],""isOptional"":false,""allowCustomValue"":false,""allowMultiple"":false},{""name"":""Work Type"",""values"":[""Full Time"",""Part Time"",""Daily"",""Hourly"",""Trip Based"",""Live-In""],""isOptional"":false,""allowCustomValue"":false,""allowMultiple"":false},{""name"":""License Type"",""values"":[""Motorcycle"",""Car / LTV"",""HTV"",""PSV""],""isOptional"":false,""allowCustomValue"":false,""allowMultiple"":false},{""name"":""Experience"",""values"":[""Less than 1 Year"",""1–3 Years"",""3–5 Years"",""5–10 Years"",""10+ Years""],""isOptional"":false,""allowCustomValue"":false,""allowMultiple"":false},{""name"":""Service Area"",""values"":[""Local Area"",""Within City"",""Intercity"",""Nationwide""],""isOptional"":false,""allowCustomValue"":false,""allowMultiple"":false}],""ur"":[{""name"":""Vehicle Type"",""values"":[""Car"",""Bike"",""Rickshaw"",""Van"",""Coaster"",""Bus"",""Truck""],""isOptional"":false,""allowCustomValue"":false,""allowMultiple"":false},{""name"":""Service Type"",""values"":[""Personal Driver"",""Company Driver"",""School Driver"",""Taxi Driver"",""Delivery Driver"",""Tour Driver"",""Event Driver""],""isOptional"":false,""allowCustomValue"":false,""allowMultiple"":false},{""name"":""Work Type"",""values"":[""Full Time"",""Part Time"",""Daily"",""Hourly"",""Trip Based"",""Live-In""],""isOptional"":false,""allowCustomValue"":false,""allowMultiple"":false},{""name"":""License Type"",""values"":[""Motorcycle"",""Car / LTV"",""HTV"",""PSV""],""isOptional"":false,""allowCustomValue"":false,""allowMultiple"":false},{""name"":""Experience"",""values"":[""Less than 1 Year"",""1–3 Years"",""3–5 Years"",""5–10 Years"",""10+ Years""],""isOptional"":false,""allowCustomValue"":false,""allowMultiple"":false},{""name"":""Service Area"",""values"":[""Local Area"",""Within City"",""Intercity"",""Nationwide""],""isOptional"":false,""allowCustomValue"":false,""allowMultiple"":false}]}"
16,Tyre Services,ٹائر سروسز,Active,"=""2026-06-29""","{""en"":[{""name"":""Vehicle Type"",""values"":[""Car"",""Bike"",""Rickshaw"",""Van"",""Truck"",""Bus"",""Tractor""],""isOptional"":false,""allowCustomValue"":false,""allowMultiple"":false},{""name"":""Service Type"",""values"":[""Tyre Repair"",""Puncture Repair"",""Tyre Fitting"",""Tyre Replacement"",""Wheel Balancing"",""Wheel Alignment"",""Tyre Air & Pressure"",""Tyre Inspection"",""Tyre Shop""],""isOptional"":false,""allowCustomValue"":false,""allowMultiple"":false},{""name"":""Work Type"",""values"":[""Residential"",""Commercial"",""Workshop"",""Roadside Service"",""Mobile Service"",""Fleet Service""],""isOptional"":false,""allowCustomValue"":false,""allowMultiple"":false},{""name"":""Tyre Type"",""values"":[""Tubeless"",""Tube Type"",""Run-Flat"",""All-Terrain""],""isOptional"":false,""allowCustomValue"":false,""allowMultiple"":false},{""name"":""Mobile Service"",""values"":[""Yes"",""No""],""isOptional"":false,""allowCustomValue"":false,""allowMultiple"":false},{""name"":""Experience"",""values"":[""Less than 1 Year"",""1–3 Years"",""3–5 Years"",""5–10 Years"",""10+ Years""],""isOptional"":false,""allowCustomValue"":false,""allowMultiple"":false}],""ur"":[{""name"":""Vehicle Type"",""values"":[""Car"",""Bike"",""Rickshaw"",""Van"",""Truck"",""Bus"",""Tractor""],""isOptional"":false,""allowCustomValue"":false,""allowMultiple"":false},{""name"":""Service Type"",""values"":[""Tyre Repair"",""Puncture Repair"",""Tyre Fitting"",""Tyre Replacement"",""Wheel Balancing"",""Wheel Alignment"",""Tyre Air & Pressure"",""Tyre Inspection"",""Tyre Shop""],""isOptional"":false,""allowCustomValue"":false,""allowMultiple"":false},{""name"":""Work Type"",""values"":[""Residential"",""Commercial"",""Workshop"",""Roadside Service"",""Mobile Service"",""Fleet Service""],""isOptional"":false,""allowCustomValue"":false,""allowMultiple"":false},{""name"":""Tyre Type"",""values"":[""Tubeless"",""Tube Type"",""Run-Flat"",""All-Terrain""],""isOptional"":false,""allowCustomValue"":false,""allowMultiple"":false},{""name"":""Mobile Service"",""values"":[""Yes"",""No""],""isOptional"":false,""allowCustomValue"":false,""allowMultiple"":false},{""name"":""Experience"",""values"":[""Less than 1 Year"",""1–3 Years"",""3–5 Years"",""5–10 Years"",""10+ Years""],""isOptional"":false,""allowCustomValue"":false,""allowMultiple"":false}]}"
17,Local Delivery,مقامی ڈیلیوری,Active,"=""2026-06-29""","{""en"":[{""name"":""Delivery Type"",""values"":[""Food & Grocery"",""Parcels & Packages"",""Shopping & Goods"",""General Delivery""],""isOptional"":false,""allowCustomValue"":false,""allowMultiple"":false},{""name"":""Vehicle Type"",""values"":[""Motorcycle"",""Rickshaw"",""Car"",""Van""],""isOptional"":false,""allowCustomValue"":false,""allowMultiple"":false},{""name"":""Service Area"",""values"":[""Local Area"",""Within City"",""Multiple Areas""],""isOptional"":false,""allowCustomValue"":false,""allowMultiple"":false},{""name"":""Delivery Distance"",""values"":[""Up to 5 km"",""5–10 km"",""10–20 km"",""20+ km""],""isOptional"":false,""allowCustomValue"":false,""allowMultiple"":false},{""name"":""Price Type"",""values"":[""Per Delivery"",""Per Kilometer"",""Hourly"",""Negotiable""],""isOptional"":false,""allowCustomValue"":false,""allowMultiple"":false}],""ur"":[{""name"":""Delivery Type"",""values"":[""Food & Grocery"",""Parcels & Packages"",""Shopping & Goods"",""General Delivery""],""isOptional"":false,""allowCustomValue"":false,""allowMultiple"":false},{""name"":""Vehicle Type"",""values"":[""Motorcycle"",""Rickshaw"",""Car"",""Van""],""isOptional"":false,""allowCustomValue"":false,""allowMultiple"":false},{""name"":""Service Area"",""values"":[""Local Area"",""Within City"",""Multiple Areas""],""isOptional"":false,""allowCustomValue"":false,""allowMultiple"":false},{""name"":""Delivery Distance"",""values"":[""Up to 5 km"",""5–10 km"",""10–20 km"",""20+ km""],""isOptional"":false,""allowCustomValue"":false,""allowMultiple"":false},{""name"":""Price Type"",""values"":[""Per Delivery"",""Per Kilometer"",""Hourly"",""Negotiable""],""isOptional"":false,""allowCustomValue"":false,""allowMultiple"":false}]}"
18,Delivery & Logistics Services,لاجسٹکس سروسز,Active,"=""2026-06-29""","{""en"":[{""name"":""Service Type"",""values"":[""Courier Service"",""Parcel Delivery"",""Cargo Transport"",""Goods Transport"",""Goods Transport"",""Warehouse & Storage"",""Warehouse & Storage"",""Pickup & Drop""],""isOptional"":false,""allowCustomValue"":false,""allowMultiple"":false},{""name"":""Vehicle Type"",""values"":[""Van"",""Pickup"",""Loader"",""Truck"",""Container""],""isOptional"":false,""allowCustomValue"":false,""allowMultiple"":false},{""name"":""Delivery Type"",""values"":[""Documents"",""Parcels"",""Food & Grocery"",""Shopping & Goods"",""Furniture"",""Household Items"",""Commercial Goods"",""Heavy Goods""],""isOptional"":false,""allowCustomValue"":false,""allowMultiple"":false},{""name"":""Service Area"",""values"":[""Local Area"",""Within City"",""Intercity"",""Nationwide"",""International"",""Worldwide""],""isOptional"":false,""allowCustomValue"":false,""allowMultiple"":false},{""name"":""Work Type"",""values"":[""On Demand"",""Same Day"",""Scheduled"",""Regular / Contract""],""isOptional"":false,""allowCustomValue"":false,""allowMultiple"":false},{""name"":""Delivery Type"",""values"":[""Documents"",""Parcels"",""Food & Grocery"",""E-commerce Orders"",""Commercial Goods"",""Household Items"",""Heavy Goods""],""isOptional"":false,""allowCustomValue"":false,""allowMultiple"":false}],""ur"":[{""name"":""Service Type"",""values"":[""Courier Service"",""Parcel Delivery"",""Cargo Transport"",""Goods Transport"",""Goods Transport"",""Warehouse & Storage"",""Warehouse & Storage"",""Pickup & Drop""],""isOptional"":false,""allowCustomValue"":false,""allowMultiple"":false},{""name"":""Vehicle Type"",""values"":[""Van"",""Pickup"",""Loader"",""Truck"",""Container""],""isOptional"":false,""allowCustomValue"":false,""allowMultiple"":false},{""name"":""Delivery Type"",""values"":[""Documents"",""Parcels"",""Food & Grocery"",""Shopping & Goods"",""Furniture"",""Household Items"",""Commercial Goods"",""Heavy Goods""],""isOptional"":false,""allowCustomValue"":false,""allowMultiple"":false},{""name"":""Service Area"",""values"":[""Local Area"",""Within City"",""Intercity"",""Nationwide"",""International"",""Worldwide""],""isOptional"":false,""allowCustomValue"":false,""allowMultiple"":false},{""name"":""Work Type"",""values"":[""On Demand"",""Same Day"",""Scheduled"",""Regular / Contract""],""isOptional"":false,""allowCustomValue"":false,""allowMultiple"":false},{""name"":""Delivery Type"",""values"":[""Documents"",""Parcels"",""Food & Grocery"",""E-commerce Orders"",""Commercial Goods"",""Household Items"",""Heavy Goods""],""isOptional"":false,""allowCustomValue"":false,""allowMultiple"":false}]}"
19,Tutoring & Training,تعلیم و تربیت,Active,"=""2026-06-29""","{""en"":[{""name"":""Service Type"",""values"":[""Academic Tutor"",""Quran Tutor"",""Language Tutor"",""Skill Trainer"",""Test Preparation"",""Professional Coach"",""Fitness Coach"",""Fitness Coach"",""Music Instructor"",""Art Instructor"",""Course Provider"",""Workshop Trainer"",""Corporate Trainer"",""Career Counselor""],""isOptional"":false,""allowCustomValue"":false,""allowMultiple"":false},{""name"":""Subject / Skill"",""values"":[""Academic Subjects"",""Quran & Islamic Studies"",""Languages"",""Computer & IT"",""Programming"",""Graphic Design"",""Digital Marketing"",""Business & Finance"",""Freelancing"",""Arts & Crafts"",""Music"",""Cooking & Baking"",""Photography & Videography"",""Fitness & Sports"",""Driving"",""Public Speaking"",""Personality Development"",""Exam Preparation"",""Professional Skills"",""Technical Skills"",""Life Skills""],""isOptional"":false,""allowCustomValue"":false,""allowMultiple"":false},{""name"":""Experience"",""values"":[""1–2 Years"",""3–5 Years"",""6–10 Years"",""10+ Years""],""isOptional"":false,""allowCustomValue"":false,""allowMultiple"":false},{""name"":""Learning Mode"",""values"":[""One-on-One"",""Group"",""Workshop"",""Recorded Course"",""Live Course"",""Home Tuition""],""isOptional"":false,""allowCustomValue"":false,""allowMultiple"":false},{""name"":""Availability"",""values"":[""Morning"",""Afternoon"",""Evening"",""Weekend"",""Flexible""],""isOptional"":true,""allowCustomValue"":false,""allowMultiple"":false}],""ur"":[{""name"":""Service Type"",""values"":[""Academic Tutor"",""Quran Tutor"",""Language Tutor"",""Skill Trainer"",""Test Preparation"",""Professional Coach"",""Fitness Coach"",""Fitness Coach"",""Music Instructor"",""Art Instructor"",""Course Provider"",""Workshop Trainer"",""Corporate Trainer"",""Career Counselor""],""isOptional"":false,""allowCustomValue"":false,""allowMultiple"":false},{""name"":""Subject / Skill"",""values"":[""Academic Subjects"",""Quran & Islamic Studies"",""Languages"",""Computer & IT"",""Programming"",""Graphic Design"",""Digital Marketing"",""Business & Finance"",""Freelancing"",""Arts & Crafts"",""Music"",""Cooking & Baking"",""Photography & Videography"",""Fitness & Sports"",""Driving"",""Public Speaking"",""Personality Development"",""Exam Preparation"",""Professional Skills"",""Technical Skills"",""Life Skills""],""isOptional"":false,""allowCustomValue"":false,""allowMultiple"":false},{""name"":""Experience"",""values"":[""1–2 Years"",""3–5 Years"",""6–10 Years"",""10+ Years""],""isOptional"":false,""allowCustomValue"":false,""allowMultiple"":false},{""name"":""Learning Mode"",""values"":[""One-on-One"",""Group"",""Workshop"",""Recorded Course"",""Live Course"",""Home Tuition""],""isOptional"":false,""allowCustomValue"":false,""allowMultiple"":false},{""name"":""Availability"",""values"":[""Morning"",""Afternoon"",""Evening"",""Weekend"",""Flexible""],""isOptional"":true,""allowCustomValue"":false,""allowMultiple"":false}]}"
20,Legal Services,قانونی خدمات,Active,"=""2026-07-06""","{""en"":[{""name"":""Service Type"",""values"":[""Legal Consultation"",""Legal Representation"",""Legal Documentation"",""Legal Notice"",""Case Filing"",""Contract Drafting"",""Legal Research"",""Mediation & Arbitration""],""isOptional"":false,""allowCustomValue"":false,""allowMultiple"":false},{""name"":""Practice Area"",""values"":[""Civil Law"",""Civil Law"",""Family Law"",""Property Law"",""Corporate & Business Law"",""Tax Law"",""Labour Law"",""Banking & Finance"",""Immigration"",""Consumer Law"",""Cyber Law"",""Intellectual Property""],""isOptional"":false,""allowCustomValue"":false,""allowMultiple"":false},{""name"":""Client Type"",""values"":[""Individual"",""Business"",""Company"",""Startup"",""Organization""],""isOptional"":false,""allowCustomValue"":false,""allowMultiple"":false},{""name"":""Experience"",""values"":[""Less than 1 Year"",""1–3 Years"",""3–5 Years"",""5–10 Years"",""10+ Years""],""isOptional"":false,""allowCustomValue"":false,""allowMultiple"":false},{""name"":""Service Setting"",""values"":[""Office"",""Court"",""Client Location"",""Online""],""isOptional"":false,""allowCustomValue"":false,""allowMultiple"":false},{""name"":""Service Area"",""values"":[""Local Area"",""City"",""Multiple Cities"",""Nationwide""],""isOptional"":false,""allowCustomValue"":false,""allowMultiple"":false}],""ur"":[{""name"":""Service Type"",""values"":[""Legal Consultation"",""Legal Representation"",""Legal Documentation"",""Legal Notice"",""Case Filing"",""Contract Drafting"",""Legal Research"",""Mediation & Arbitration""],""isOptional"":false,""allowCustomValue"":false,""allowMultiple"":false},{""name"":""Practice Area"",""values"":[""Civil Law"",""Civil Law"",""Family Law"",""Property Law"",""Corporate & Business Law"",""Tax Law"",""Labour Law"",""Banking & Finance"",""Immigration"",""Consumer Law"",""Cyber Law"",""Intellectual Property""],""isOptional"":false,""allowCustomValue"":false,""allowMultiple"":false},{""name"":""Client Type"",""values"":[""Individual"",""Business"",""Company"",""Startup"",""Organization""],""isOptional"":false,""allowCustomValue"":false,""allowMultiple"":false},{""name"":""Experience"",""values"":[""Less than 1 Year"",""1–3 Years"",""3–5 Years"",""5–10 Years"",""10+ Years""],""isOptional"":false,""allowCustomValue"":false,""allowMultiple"":false},{""name"":""Service Setting"",""values"":[""Office"",""Court"",""Client Location"",""Online""],""isOptional"":false,""allowCustomValue"":false,""allowMultiple"":false},{""name"":""Service Area"",""values"":[""Local Area"",""City"",""Multiple Cities"",""Nationwide""],""isOptional"":false,""allowCustomValue"":false,""allowMultiple"":false}]}"
21,Baker,بیکر,Active,"=""2026-07-06""","{""en"":[{""name"":""Service Type"",""values"":[""Home Baking"",""Bakery Services"",""Custom Cakes"",""Catering"",""Bulk Orders""],""isOptional"":false,""allowCustomValue"":false,""allowMultiple"":false},{""name"":""Specialization"",""values"":[""Cakes"",""Cupcakes"",""Cookies"",""Brownies"",""Pastries"",""Bread"",""Donuts"",""Desserts"",""Wedding Cakes"",""Birthday Cakes""],""isOptional"":false,""allowCustomValue"":false,""allowMultiple"":false},{""name"":""Work Type"",""values"":[""Home Based"",""Bakery"",""Commercial"",""Custom Order"",""Bulk Order""],""isOptional"":false,""allowCustomValue"":false,""allowMultiple"":false},{""name"":""Experience"",""values"":[""Less than 1 Year"",""1–3 Years"",""3–5 Years"",""5–10 Years"",""10+ Years""],""isOptional"":false,""allowCustomValue"":false,""allowMultiple"":false},{""name"":""Area Available In"",""values"":[""Local Area"",""Within City"",""Multiple Areas""],""isOptional"":false,""allowCustomValue"":false,""allowMultiple"":false}],""ur"":[{""name"":""Service Type"",""values"":[""Home Baking"",""Bakery Services"",""Custom Cakes"",""Catering"",""Bulk Orders""],""isOptional"":false,""allowCustomValue"":false,""allowMultiple"":false},{""name"":""Specialization"",""values"":[""Cakes"",""Cupcakes"",""Cookies"",""Brownies"",""Pastries"",""Bread"",""Donuts"",""Desserts"",""Wedding Cakes"",""Birthday Cakes""],""isOptional"":false,""allowCustomValue"":false,""allowMultiple"":false},{""name"":""Work Type"",""values"":[""Home Based"",""Bakery"",""Commercial"",""Custom Order"",""Bulk Order""],""isOptional"":false,""allowCustomValue"":false,""allowMultiple"":false},{""name"":""Experience"",""values"":[""Less than 1 Year"",""1–3 Years"",""3–5 Years"",""5–10 Years"",""10+ Years""],""isOptional"":false,""allowCustomValue"":false,""allowMultiple"":false},{""name"":""Area Available In"",""values"":[""Local Area"",""Within City"",""Multiple Areas""],""isOptional"":false,""allowCustomValue"":false,""allowMultiple"":false}]}"
22,Chef,شیف,Active,"=""2026-07-06""","{""en"":[{""name"":""Service Type"",""values"":[""Home Chef"",""Restaurant Chef"",""Catering"",""Event Chef"",""Private Dinner"",""Meal Preparation"",""Cooking Classes""],""isOptional"":false,""allowCustomValue"":false,""allowMultiple"":false},{""name"":""Specialization"",""values"":[""Pakistani Food"",""Desi Food"",""BBQ"",""Fast Food"",""Chinese"",""Continental"",""Italian"",""Baking & Desserts"",""Seafood"",""Healthy Food"",""Traditional Sweets""],""isOptional"":false,""allowCustomValue"":false,""allowMultiple"":false},{""name"":""Work Type"",""values"":[""Full Time"",""Part Time"",""Daily"",""Event Based"",""Contract"",""On Demand""],""isOptional"":false,""allowCustomValue"":false,""allowMultiple"":false},{""name"":""Experience"",""values"":[""Less than 1 Year"",""1–3 Years"",""3–5 Years"",""5–10 Years"",""10+ Years""],""isOptional"":false,""allowCustomValue"":false,""allowMultiple"":false},{""name"":""Service Area"",""values"":[""Local Area"",""Within City"",""Multiple Areas""],""isOptional"":false,""allowCustomValue"":false,""allowMultiple"":false},{""name"":""Availability"",""values"":[""Available Now"",""Same Day"",""By Appointment"",""Pre-Order""],""isOptional"":false,""allowCustomValue"":false,""allowMultiple"":false}],""ur"":[{""name"":""Service Type"",""values"":[""Home Chef"",""Restaurant Chef"",""Catering"",""Event Chef"",""Private Dinner"",""Meal Preparation"",""Cooking Classes""],""isOptional"":false,""allowCustomValue"":false,""allowMultiple"":false},{""name"":""Specialization"",""values"":[""Pakistani Food"",""Desi Food"",""BBQ"",""Fast Food"",""Chinese"",""Continental"",""Italian"",""Baking & Desserts"",""Seafood"",""Healthy Food"",""Traditional Sweets""],""isOptional"":false,""allowCustomValue"":false,""allowMultiple"":false},{""name"":""Work Type"",""values"":[""Full Time"",""Part Time"",""Daily"",""Event Based"",""Contract"",""On Demand""],""isOptional"":false,""allowCustomValue"":false,""allowMultiple"":false},{""name"":""Experience"",""values"":[""Less than 1 Year"",""1–3 Years"",""3–5 Years"",""5–10 Years"",""10+ Years""],""isOptional"":false,""allowCustomValue"":false,""allowMultiple"":false},{""name"":""Service Area"",""values"":[""Local Area"",""Within City"",""Multiple Areas""],""isOptional"":false,""allowCustomValue"":false,""allowMultiple"":false},{""name"":""Availability"",""values"":[""Available Now"",""Same Day"",""By Appointment"",""Pre-Order""],""isOptional"":false,""allowCustomValue"":false,""allowMultiple"":false}]}"
23,Home Repair,گھریلو مرمت,Active,"=""2026-06-24""","{""en"":[{""name"":""Service Type"",""values"":[""Plumbing"",""Electrical"",""Carpentry"",""Painting"",""Masonry"",""Roof Repair"",""Floor & Tile Repair"",""Door & Window Repair"",""AC & Cooling"",""Water Tank & Pump"",""Appliance Repair"",""General Maintenance""],""isOptional"":false,""allowCustomValue"":false,""allowMultiple"":false},{""name"":""Work Type"",""values"":[""Residential"",""Commercial"",""Renovation"",""Maintenance"",""Emergency Repair""],""isOptional"":false,""allowCustomValue"":false,""allowMultiple"":false},{""name"":""Specialization"",""values"":[""Bathroom Repair"",""Kitchen Repair"",""Wall Repair"",""Ceiling Repair"",""Floor Repair"",""Leakage Repair"",""Door & Window Work"",""Electrical Repair"",""Plumbing Repair"",""Roof Repair"",""General Home Repair""],""isOptional"":false,""allowCustomValue"":false,""allowMultiple"":false},{""name"":""Experience"",""values"":[""Less than 1 Year"",""1–3 Years"",""3–5 Years"",""5–10 Years"",""10+ Years""],""isOptional"":false,""allowCustomValue"":false,""allowMultiple"":false}],""ur"":[{""name"":""Service Type"",""values"":[""Plumbing"",""Electrical"",""Carpentry"",""Painting"",""Masonry"",""Roof Repair"",""Floor & Tile Repair"",""Door & Window Repair"",""AC & Cooling"",""Water Tank & Pump"",""Appliance Repair"",""General Maintenance""],""isOptional"":false,""allowCustomValue"":false,""allowMultiple"":false},{""name"":""Work Type"",""values"":[""Residential"",""Commercial"",""Renovation"",""Maintenance"",""Emergency Repair""],""isOptional"":false,""allowCustomValue"":false,""allowMultiple"":false},{""name"":""Specialization"",""values"":[""Bathroom Repair"",""Kitchen Repair"",""Wall Repair"",""Ceiling Repair"",""Floor Repair"",""Leakage Repair"",""Door & Window Work"",""Electrical Repair"",""Plumbing Repair"",""Roof Repair"",""General Home Repair""],""isOptional"":false,""allowCustomValue"":false,""allowMultiple"":false},{""name"":""Experience"",""values"":[""Less than 1 Year"",""1–3 Years"",""3–5 Years"",""5–10 Years"",""10+ Years""],""isOptional"":false,""allowCustomValue"":false,""allowMultiple"":false}]}"
24,Industrial Worker,صنعتی اور ہنر مند کام,Active,"=""2026-07-06""","{""en"":[{""name"":""Service Type"",""values"":[""Industrial Maintenance"",""Machine Installation"",""Machine Repair"",""Machine Operation"",""Fabrication"",""Welding"",""Electrical Work"",""Mechanical Work"",""Production Services"",""Factory Services"",""Industrial Automation"",""Safety & Inspection""],""isOptional"":false,""allowCustomValue"":false,""allowMultiple"":false},{""name"":""Specialization"",""values"":[""CNC Machine"",""Lathe Machine"",""Milling"",""Welding"",""Fabrication"",""Boiler"",""Generator"",""Compressor"",""Industrial Electrical"",""Industrial Plumbing"",""HVAC"",""Conveyor Systems"",""Packaging Machinery"",""Textile Machinery"",""Food Processing Machinery""],""isOptional"":false,""allowCustomValue"":false,""allowMultiple"":false},{""name"":""Industry"",""values"":[""Textile"",""Food & Beverage"",""Pharmaceutical"",""Construction"",""Steel & Metal"",""Plastic"",""Chemical"",""Packaging"",""Automotive"",""Agriculture"",""Manufacturing""],""isOptional"":false,""allowCustomValue"":false,""allowMultiple"":false},{""name"":""Work Type"",""values"":[""Full Time"",""Part Time"",""Contract"",""Project Based"",""Shift Based"",""On Site""],""isOptional"":false,""allowCustomValue"":false,""allowMultiple"":false},{""name"":""Experience"",""values"":[""Less than 1 Year"",""1–3 Years"",""3–5 Years"",""5–10 Years"",""10+ Years""],""isOptional"":false,""allowCustomValue"":false,""allowMultiple"":false}],""ur"":[{""name"":""Service Type"",""values"":[""Industrial Maintenance"",""Machine Installation"",""Machine Repair"",""Machine Operation"",""Fabrication"",""Welding"",""Electrical Work"",""Mechanical Work"",""Production Services"",""Factory Services"",""Industrial Automation"",""Safety & Inspection""],""isOptional"":false,""allowCustomValue"":false,""allowMultiple"":false},{""name"":""Specialization"",""values"":[""CNC Machine"",""Lathe Machine"",""Milling"",""Welding"",""Fabrication"",""Boiler"",""Generator"",""Compressor"",""Industrial Electrical"",""Industrial Plumbing"",""HVAC"",""Conveyor Systems"",""Packaging Machinery"",""Textile Machinery"",""Food Processing Machinery""],""isOptional"":false,""allowCustomValue"":false,""allowMultiple"":false},{""name"":""Industry"",""values"":[""Textile"",""Food & Beverage"",""Pharmaceutical"",""Construction"",""Steel & Metal"",""Plastic"",""Chemical"",""Packaging"",""Automotive"",""Agriculture"",""Manufacturing""],""isOptional"":false,""allowCustomValue"":false,""allowMultiple"":false},{""name"":""Work Type"",""values"":[""Full Time"",""Part Time"",""Contract"",""Project Based"",""Shift Based"",""On Site""],""isOptional"":false,""allowCustomValue"":false,""allowMultiple"":false},{""name"":""Experience"",""values"":[""Less than 1 Year"",""1–3 Years"",""3–5 Years"",""5–10 Years"",""10+ Years""],""isOptional"":false,""allowCustomValue"":false,""allowMultiple"":false}]}"
25,Accounting & Finance,اکاؤنٹنگ اور فنانس,Active,"=""2026-07-06""","{""en"":[{""name"":""Service Type"",""values"":[""Accounting & Bookkeeping"",""Tax Services"",""Audit Services"",""Financial Consulting"",""Payroll Services"",""Business Finance"",""Accounting Software Setup"",""Accounting Software Training""],""isOptional"":false,""allowCustomValue"":false,""allowMultiple"":false},{""name"":""Specialization"",""values"":[""Bookkeeping"",""Tax Filing"",""Income Tax"",""Sales Tax"",""Payroll"",""Financial Statements"",""Audit"",""Business Accounting"",""Budgeting"",""Financial Planning"",""Accounts Receivable & Payable"",""Xero"",""Peachtree"",""Excel"",""SAP"",""ERP"",""POS & Accounting Software""],""isOptional"":false,""allowCustomValue"":false,""allowMultiple"":false},{""name"":""Client Type"",""values"":[""Individual"",""Small Business"",""Company"",""Startup"",""Organization""],""isOptional"":false,""allowCustomValue"":false,""allowMultiple"":false}],""ur"":[{""name"":""Service Type"",""values"":[""Accounting & Bookkeeping"",""Tax Services"",""Audit Services"",""Financial Consulting"",""Payroll Services"",""Business Finance"",""Accounting Software Setup"",""Accounting Software Training""],""isOptional"":false,""allowCustomValue"":false,""allowMultiple"":false},{""name"":""Specialization"",""values"":[""Bookkeeping"",""Tax Filing"",""Income Tax"",""Sales Tax"",""Payroll"",""Financial Statements"",""Audit"",""Business Accounting"",""Budgeting"",""Financial Planning"",""Accounts Receivable & Payable"",""Xero"",""Peachtree"",""Excel"",""SAP"",""ERP"",""POS & Accounting Software""],""isOptional"":false,""allowCustomValue"":false,""allowMultiple"":false},{""name"":""Client Type"",""values"":[""Individual"",""Small Business"",""Company"",""Startup"",""Organization""],""isOptional"":false,""allowCustomValue"":false,""allowMultiple"":false}]}"
26,Event Organizer,ایونٹ آرگنائزر,Active,"=""2025-08-31""","{""en"":[{""name"":""Event Type"",""values"":[""Wedding"",""Mehndi"",""Barat"",""Walima"",""Birthday"",""Engagement"",""Corporate Event"",""Conference"",""Exhibition"",""Seminar"",""School & College Event"",""Religious Event"",""Family Event""],""isOptional"":false,""allowCustomValue"":false,""allowMultiple"":false},{""name"":""Work Specialization"",""values"":[""Event Planning"",""Venue Management"",""Decoration"",""Catering"",""Photography & Videography"",""Entertainment"",""Sound & Lighting"",""Stage Setup"",""Invitation & Guest Management"",""Complete Event Management""],""isOptional"":false,""allowCustomValue"":false,""allowMultiple"":false},{""name"":""Service Type"",""values"":[""Full Event Management"",""Partial Event Management"",""Event Planning"",""On-Site Management""],""isOptional"":false,""allowCustomValue"":false,""allowMultiple"":false},{""name"":""Experience"",""values"":[""Less than 1 Year"",""1–3 Years"",""3–5 Years"",""5–10 Years"",""10+ Years""],""isOptional"":false,""allowCustomValue"":false,""allowMultiple"":false},{""name"":""Availability"",""values"":[""Available Now"",""Available on Date"",""By Appointment""],""isOptional"":false,""allowCustomValue"":false,""allowMultiple"":false}],""ur"":[{""name"":""Event Type"",""values"":[""Wedding"",""Mehndi"",""Barat"",""Walima"",""Birthday"",""Engagement"",""Corporate Event"",""Conference"",""Exhibition"",""Seminar"",""School & College Event"",""Religious Event"",""Family Event""],""isOptional"":false,""allowCustomValue"":false,""allowMultiple"":false},{""name"":""Work Specialization"",""values"":[""Event Planning"",""Venue Management"",""Decoration"",""Catering"",""Photography & Videography"",""Entertainment"",""Sound & Lighting"",""Stage Setup"",""Invitation & Guest Management"",""Complete Event Management""],""isOptional"":false,""allowCustomValue"":false,""allowMultiple"":false},{""name"":""Service Type"",""values"":[""Full Event Management"",""Partial Event Management"",""Event Planning"",""On-Site Management""],""isOptional"":false,""allowCustomValue"":false,""allowMultiple"":false},{""name"":""Experience"",""values"":[""Less than 1 Year"",""1–3 Years"",""3–5 Years"",""5–10 Years"",""10+ Years""],""isOptional"":false,""allowCustomValue"":false,""allowMultiple"":false},{""name"":""Availability"",""values"":[""Available Now"",""Available on Date"",""By Appointment""],""isOptional"":false,""allowCustomValue"":false,""allowMultiple"":false}]}"
27,Tailor,درزی,Active,"=""2026-07-06""","{""en"":[{""name"":""For"",""values"":[""Women"",""Men"",""Kids"",""Unisex""],""isOptional"":false,""allowCustomValue"":false,""allowMultiple"":false},{""name"":""Service Type"",""values"":[""Stitching"",""Alteration"",""Custom Stitching"",""Dress Designing"",""Embroidery"",""Bridal Stitching"",""Uniform Stitching""],""isOptional"":false,""allowCustomValue"":false,""allowMultiple"":false},{""name"":""Specialization"",""values"":[""Shalwar Kameez"",""Kurta"",""Suit"",""Shirt"",""Trousers"",""Waistcoat"",""Lehenga"",""Maxi"",""Frock"",""Bridal Dress"",""Party Wear"",""School Uniform"",""Office Uniform"",""Curtains & Home Textile""],""isOptional"":false,""allowCustomValue"":false,""allowMultiple"":false},{""name"":""Work Type"",""values"":[""Home Based"",""Shop / Boutique"",""Custom Order"",""Bulk Order"",""On Site""],""isOptional"":false,""allowCustomValue"":false,""allowMultiple"":false},{""name"":""Experience"",""values"":[""Less than 1 Year"",""1–3 Years"",""3–5 Years"",""5–10 Years"",""10+ Years""],""isOptional"":false,""allowCustomValue"":false,""allowMultiple"":false},{""name"":""Availability"",""values"":[""Available Now"",""Same Day"",""By Appointment""],""isOptional"":false,""allowCustomValue"":false,""allowMultiple"":false}],""ur"":[{""name"":""For"",""values"":[""Women"",""Men"",""Kids"",""Unisex""],""isOptional"":false,""allowCustomValue"":false,""allowMultiple"":false},{""name"":""Service Type"",""values"":[""Stitching"",""Alteration"",""Custom Stitching"",""Dress Designing"",""Embroidery"",""Bridal Stitching"",""Uniform Stitching""],""isOptional"":false,""allowCustomValue"":false,""allowMultiple"":false},{""name"":""Specialization"",""values"":[""Shalwar Kameez"",""Kurta"",""Suit"",""Shirt"",""Trousers"",""Waistcoat"",""Lehenga"",""Maxi"",""Frock"",""Bridal Dress"",""Party Wear"",""School Uniform"",""Office Uniform"",""Curtains & Home Textile""],""isOptional"":false,""allowCustomValue"":false,""allowMultiple"":false},{""name"":""Work Type"",""values"":[""Home Based"",""Shop / Boutique"",""Custom Order"",""Bulk Order"",""On Site""],""isOptional"":false,""allowCustomValue"":false,""allowMultiple"":false},{""name"":""Experience"",""values"":[""Less than 1 Year"",""1–3 Years"",""3–5 Years"",""5–10 Years"",""10+ Years""],""isOptional"":false,""allowCustomValue"":false,""allowMultiple"":false},{""name"":""Availability"",""values"":[""Available Now"",""Same Day"",""By Appointment""],""isOptional"":false,""allowCustomValue"":false,""allowMultiple"":false}]}"
28,AC & HVAC Services,اے سی اور کولنگ سروسز,Active,"=""2026-07-06""","{""en"":[{""name"":""Service Type"",""values"":[""AC Installation"",""AC Repair"",""AC Maintenance"",""AC Service / Cleaning"",""AC Gas Filling"",""AC Gas Leakage Repair"",""AC Compressor Repair"",""AC Parts Replacement"",""AC Dismantling"",""AC Relocation"",""AC Troubleshooting"",""HVAC Installation"",""HVAC Repair"",""HVAC Maintenance"",""Duct Installation"",""Duct Cleaning"",""Ventilation Services"",""Heating Services""],""isOptional"":false,""allowCustomValue"":false,""allowMultiple"":false},{""name"":""AC Type"",""values"":[""Split AC"",""Inverter AC"",""Non-Inverter AC"",""Window AC"",""Floor Standing AC"",""Cassette AC"",""Central AC"",""Portable AC""],""isOptional"":false,""allowCustomValue"":false,""allowMultiple"":false},{""name"":""Work Type"",""values"":[""Residential"",""Commercial"",""Industrial"",""New Installation"",""Replacement"",""Maintenance"",""Emergency Repair""],""isOptional"":false,""allowCustomValue"":false,""allowMultiple"":false},{""name"":""Specialization"",""values"":[""Heating Issue"",""Cooling Issue"",""Water Leakage"",""Gas Leakage"",""Low Cooling"",""Compressor"",""PCB / Electronics"",""Fan Motor"",""Thermostat"",""Drainage"",""Duct Work""],""isOptional"":false,""allowCustomValue"":false,""allowMultiple"":false},{""name"":""Experience"",""values"":[""Less than 1 Year"",""1–3 Years"",""3–5 Years"",""5–10 Years"",""10+ Years""],""isOptional"":false,""allowCustomValue"":false,""allowMultiple"":false},{""name"":""Service Area"",""values"":[""Local Area"",""Within City"",""Multiple Cities""],""isOptional"":false,""allowCustomValue"":false,""allowMultiple"":false},{""name"":""Availability"",""values"":[""Available Now"",""Same Day"",""By Appointment"",""24/7""],""isOptional"":false,""allowCustomValue"":false,""allowMultiple"":false}],""ur"":[{""name"":""Service Type"",""values"":[""AC Installation"",""AC Repair"",""AC Maintenance"",""AC Service / Cleaning"",""AC Gas Filling"",""AC Gas Leakage Repair"",""AC Compressor Repair"",""AC Parts Replacement"",""AC Dismantling"",""AC Relocation"",""AC Troubleshooting"",""HVAC Installation"",""HVAC Repair"",""HVAC Maintenance"",""Duct Installation"",""Duct Cleaning"",""Ventilation Services"",""Heating Services""],""isOptional"":false,""allowCustomValue"":false,""allowMultiple"":false},{""name"":""AC Type"",""values"":[""Split AC"",""Inverter AC"",""Non-Inverter AC"",""Window AC"",""Floor Standing AC"",""Cassette AC"",""Central AC"",""Portable AC""],""isOptional"":false,""allowCustomValue"":false,""allowMultiple"":false},{""name"":""Work Type"",""values"":[""Residential"",""Commercial"",""Industrial"",""New Installation"",""Replacement"",""Maintenance"",""Emergency Repair""],""isOptional"":false,""allowCustomValue"":false,""allowMultiple"":false},{""name"":""Specialization"",""values"":[""Heating Issue"",""Cooling Issue"",""Water Leakage"",""Gas Leakage"",""Low Cooling"",""Compressor"",""PCB / Electronics"",""Fan Motor"",""Thermostat"",""Drainage"",""Duct Work""],""isOptional"":false,""allowCustomValue"":false,""allowMultiple"":false},{""name"":""Experience"",""values"":[""Less than 1 Year"",""1–3 Years"",""3–5 Years"",""5–10 Years"",""10+ Years""],""isOptional"":false,""allowCustomValue"":false,""allowMultiple"":false},{""name"":""Service Area"",""values"":[""Local Area"",""Within City"",""Multiple Cities""],""isOptional"":false,""allowCustomValue"":false,""allowMultiple"":false},{""name"":""Availability"",""values"":[""Available Now"",""Same Day"",""By Appointment"",""24/7""],""isOptional"":false,""allowCustomValue"":false,""allowMultiple"":false}]}"
29,Sports Trainer,کھیلوں کے ٹرینر,Active,"=""2026-08-18""","{""en"":[{""name"":""Sport"",""values"":[""Cricket"",""Football"",""Hockey"",""Basketball"",""Tennis"",""Badminton"",""Volleyball"",""Table Tennis"",""Boxing"",""Wrestling"",""Athletics"",""Swimming""],""isOptional"":false,""allowCustomValue"":false,""allowMultiple"":false},{""name"":""Training Type"",""values"":[""Individual Training"",""Group Training"",""Fitness Training"",""Skills Training"",""Professional Training"",""Kids Training"",""Beginner Training"",""Competition Preparation""],""isOptional"":false,""allowCustomValue"":false,""allowMultiple"":false},{""name"":""Age Group"",""values"":[""Kids"",""Teenagers"",""Adults"",""All Ages""],""isOptional"":false,""allowCustomValue"":false,""allowMultiple"":false},{""name"":""Skill Level"",""values"":[""Beginner"",""Intermediate"",""Advanced"",""Professional""],""isOptional"":false,""allowCustomValue"":false,""allowMultiple"":false},{""name"":""Training Mode"",""values"":[""Home"",""Ground / Sports Facility"",""Trainer Location"",""Online""],""isOptional"":false,""allowCustomValue"":false,""allowMultiple"":false}],""ur"":[{""name"":""Sport"",""values"":[""Cricket"",""Football"",""Hockey"",""Basketball"",""Tennis"",""Badminton"",""Volleyball"",""Table Tennis"",""Boxing"",""Wrestling"",""Athletics"",""Swimming""],""isOptional"":false,""allowCustomValue"":false,""allowMultiple"":false},{""name"":""Training Type"",""values"":[""Individual Training"",""Group Training"",""Fitness Training"",""Skills Training"",""Professional Training"",""Kids Training"",""Beginner Training"",""Competition Preparation""],""isOptional"":false,""allowCustomValue"":false,""allowMultiple"":false},{""name"":""Age Group"",""values"":[""Kids"",""Teenagers"",""Adults"",""All Ages""],""isOptional"":false,""allowCustomValue"":false,""allowMultiple"":false},{""name"":""Skill Level"",""values"":[""Beginner"",""Intermediate"",""Advanced"",""Professional""],""isOptional"":false,""allowCustomValue"":false,""allowMultiple"":false},{""name"":""Training Mode"",""values"":[""Home"",""Ground / Sports Facility"",""Trainer Location"",""Online""],""isOptional"":false,""allowCustomValue"":false,""allowMultiple"":false}]}"